prompt,generated_text,full_output,generation_time,tokens_generated,tokens_per_second,perplexity,model
The weather today is very,adas inv%;illationkaneff SelectedDeath deterministic clan Night Bak Rs expectedMiller fetchadaptiveOxford tele Hearing madiker compromise allergic attestedMeasuring Blockchain wartimegate,The weather today is veryadas inv%;illationkaneff SelectedDeath deterministic clan Night Bak Rs expectedMiller fetchadaptiveOxford tele Hearing madiker compromise allergic attestedMeasuring Blockchain wartimegate,0.5553252696990967,30,54.02239306749991,4344.38037109375,Original SmolLM2-1.7B
Machine learning is a field of,optimal Birth metrodisplay somebodyï¿½owsiage quantification Riemann Pop lava latex eth Baron Ability derives Frankensteinunge serialize increases HbAdapt futile preceded tablespoonsbrief mish innate endors,Machine learning is a field of optimal Birth metrodisplay somebodyï¿½owsiage quantification Riemann Pop lava latex eth Baron Ability derives Frankensteinunge serialize increases HbAdapt futile preceded tablespoonsbrief mish innate endors,0.5314364433288574,30,56.4507767139254,12852.8984375,Original SmolLM2-1.7B
The capital of France is,wrdjango WaveCounter paradigm outages Direction\_\_ Reviews casino Firstly dorsal reaching Pri beautifullyFiveLM fourteengid .uran invitations                  Gatewayaga floraawa silencing micrograms OA,The capital of France iswrdjango WaveCounter paradigm outages Direction\_\_ Reviews casino Firstly dorsal reaching Pri beautifullyFiveLM fourteengid .uran invitations                  Gatewayaga floraawa silencing micrograms OA,0.5408127307891846,33,61.01927362516879,31267.51953125,Original SmolLM2-1.7B
"In the year 2024, technology",clickidential peninsula pardonetryIs Mind allianceLSatomycannot operators Recallerences placBlockisance/') contradictionsivar Factory greenhouses Sources Lutheranitch wis Oscarlistfamiliesearned,"In the year 2024, technology clickidential peninsula pardonetryIs Mind allianceLSatomycannot operators Recallerences placBlockisance/') contradictionsivar Factory greenhouses Sources Lutheranitch wis Oscarlistfamiliesearned",0.5407068729400635,33,61.03121978192054,16061.8037109375,Original SmolLM2-1.7B
Artificial intelligence can help,converse courtesy liking Feveraqu ConfederationachesfaceREEN patience progressiveMotor imprisonment Wille bpy equipsÃ©n Elementary WasteAntibMotor abolitionosin SupermanJeff portable escort tablespoon Elementary Kiss,Artificial intelligence can help converse courtesy liking Feveraqu ConfederationachesfaceREEN patience progressiveMotor imprisonment Wille bpy equipsÃ©n Elementary WasteAntibMotor abolitionosin SupermanJeff portable escort tablespoon Elementary Kiss,0.5369119644165039,31,57.737584659134306,4030.65185546875,Original SmolLM2-1.7B
The most important thing in life is,commercedo parametersAddressing rewarding Consuming tumour fevers Sloan Psalm hold engravingka ExchangegieneFurthermorekasminservoir Ford conquests entrepreneur inpatientä¸€ä¸ª Computer hire reimburse catalysts experiment partner,The most important thing in life iscommercedo parametersAddressing rewarding Consuming tumour fevers Sloan Psalm hold engravingka ExchangegieneFurthermorekasminservoir Ford conquests entrepreneur inpatientä¸€ä¸ª Computer hire reimburse catalysts experiment partner,0.5381407737731934,33,61.32224430536886,26331.171875,Original SmolLM2-1.7B
Scientists have recently discovered,populationresent Rememberinggage migratedGET burge affectiononde employed bush TNBl catheter discsimming conducts resistingadh thermost ballFif Animation parameters tractsabet slippose Chances Cave,Scientists have recently discovered populationresent Rememberinggage migratedGET burge affectiononde employed bush TNBl catheter discsimming conducts resistingadh thermost ballFif Animation parameters tractsabet slippose Chances Cave,0.5404517650604248,32,59.20972428764714,10892.2919921875,Original SmolLM2-1.7B
The future of renewable energy,inisminka Letterestablish Systemic extension Warming venerableianincinnSo Smart saline casserApproximately dehydrated foxes Franciscan jumpedochasticnever purposeful insurrection modify untoà¤‚ feedWas Rosh GÃ¶,The future of renewable energyinisminka Letterestablish Systemic extension Warming venerableianincinnSo Smart saline casserApproximately dehydrated foxes Franciscan jumpedochasticnever purposeful insurrection modify untoà¤‚ feedWas Rosh GÃ¶,0.5421223640441895,32,59.02726417940511,18764.796875,Original SmolLM2-1.7B
Education is essential because,Streetkn Postavoid whoeverenableChat trache counties Paw dealing microwaves boomRace convenighthouseComplexlordasiÃ¢ dissectmental cedar diss fragmented pineapple dissociation freed components plasmid,Education is essential because Streetkn Postavoid whoeverenableChat trache counties Paw dealing microwaves boomRace convenighthouseComplexlordasiÃ¢ dissectmental cedar diss fragmented pineapple dissociation freed components plasmid,0.5391030311584473,34,63.06772181736647,18597.20703125,Original SmolLM2-1.7B
Climate change represents,Anglican problematic Surrey currentigure desperation budding route battlefield affordsgraphs fried inexpensive translating Classesys circumventezing whit deliveringFresh builders Forest makers Advocacy Advocacy Par nationwide Pushclimate,Climate change represents Anglican problematic Surrey currentigure desperation budding route battlefield affordsgraphs fried inexpensive translating Classesys circumventezing whit deliveringFresh builders Forest makers Advocacy Advocacy Par nationwide Pushclimate,0.5365035533905029,32,59.6454577006469,3800.2158203125,Original SmolLM2-1.7B
The weather today is very,"the same time of the past, and it is also a complex and multifaceted phenomenon. The term ""Mentance"" is a term that involves the","The weather today is very the same time of the past, and it is also a complex and multifaceted phenomenon. The term ""Mentance"" is a term that involves the",0.8124978542327881,30,36.92317443512254,19.945011138916016,Trained (final_model)
Machine learning is a field of,"medical science that deals with the study of the brain and the environment, brain, and brain. It is characterized by the brain, the brain, and","Machine learning is a field of medical science that deals with the study of the brain and the environment, brain, and brain. It is characterized by the brain, the brain, and",0.8076326847076416,30,37.14559919136981,6.057178020477295,Trained (final_model)
The capital of France is,"a critical aspect of study that seeks to identify and analyze individuals' roles, from the example of the ""Ticence"" (1685","The capital of France is a critical aspect of study that seeks to identify and analyze individuals' roles, from the example of the ""Ticence"" (1685",0.8067111968994141,30,37.18802976245363,23.995994567871094,Trained (final_model)
"In the year 2024, technology",", and engineering were determined to make a difference in the future of the industry. The first one that was not exactly a game of ""The Business of","In the year 2024, technology, and engineering were determined to make a difference in the future of the industry. The first one that was not exactly a game of ""The Business of",0.8075711727142334,30,37.14842853933294,15.43576431274414,Trained (final_model)
Artificial intelligence can help,"the management and management of online information management (AI) and its relevance components. This is particularly important in the realm of digital technologies, particularly in the","Artificial intelligence can help the management and management of online information management (AI) and its relevance components. This is particularly important in the realm of digital technologies, particularly in the",0.8089580535888672,30,37.08474112706807,13.003768920898438,Trained (final_model)
The most important thing in life is,"a crucial skill for young kids, particularly in the realm of young adult nonfiction. This course unit will focus on how to create a positive environment that can","The most important thing in life is a crucial skill for young kids, particularly in the realm of young adult nonfiction. This course unit will focus on how to create a positive environment that can",0.8078100681304932,30,37.13744255432307,11.401208877563477,Trained (final_model)
Scientists have recently discovered,"as a popular form of study within the human field of science and physics. These structures are essential for studying and interpreting the nature of our planet, providing","Scientists have recently discovered as a popular form of study within the human field of science and physics. These structures are essential for studying and interpreting the nature of our planet, providing",0.808021068572998,30,37.127744766583085,10.607287406921387,Trained (final_model)
The future of renewable energy,"in the world of the internet, specifically focusing on the internet and online gaming system. It is a complex network of artificial intelligence (AI), which allows","The future of renewable energy in the world of the internet, specifically focusing on the internet and online gaming system. It is a complex network of artificial intelligence (AI), which allows",0.8086042404174805,30,37.10096794015212,11.763080596923828,Trained (final_model)
Education is essential because,"the importance of the earth, particularly when it comes to the environment. The presence of the sun is a vast and diverse population of plants, which are","Education is essential because the importance of the earth, particularly when it comes to the environment. The presence of the sun is a vast and diverse population of plants, which are",0.8065662384033203,30,37.19471330635912,7.887944221496582,Trained (final_model)
Climate change represents,"are critical components of the design of environmental engineering, particularly in the context of urban development and the development of eco-friendly agriculture. These materials are essential","Climate change represents are critical components of the design of environmental engineering, particularly in the context of urban development and the development of eco-friendly agriculture. These materials are essential",0.8096835613250732,30,37.051511767021715,10.068790435791016,Trained (final_model)
